User_ID,percChange_1617,percChange_1718,percChange_1819,cluster_IDX,age,household_size,ownership,number_pets,household_has_garden,household_garden_area,household_has_pool,household_pool_volume,children9,children5_9,children0_4,number_bathrooms,number_adults,environmental_attitude,hausehold_has_irrigation_system,house_has_plants,balcony_has_plants,balcony_has_irrigation,number_toilets,number_faucets,number_bathtubs,number_showers,number_tub_showers,number_dishwasher_simple,number_washing_machine_simple,number_ClothesWasher,clothesWasher_efficiency,clothesWasher_ecomode,clothesWasher_timer,number_DishWasher,dishWasher_efficiency,dishWasher_ecomode,dishWasher_timer
AGM01006538001,-12.177137910087515,-8.637511475624269,-16.582171635584363,4,40.0,90.0,True,0.0,False,0.0,False,0.0,0.0,0.0,0.0,2.0,2.0,Medium environmental sensitivity,False,False,False,False,2.0,3.0,0.0,1.0,0.0,1.0,1.0,1.0,A++,1.0,0.0,1.0,A+++,1.0,1.0
AGM01013095003,-6.08448462145295,-6.713988914995513,-12.521862959044439,4,9.0,150.0,True,0.0,False,0.0,False,0.0,2.0,0.0,0.0,2.0,4.0,Medium environmental sensitivity,False,False,False,False,2.0,2.0,1.0,1.0,0.0,1.0,1.0,1.0,A+,1.0,0.0,1.0,A+,1.0,0.0
AGM01031367001,-3.425815764445819,4.536016287038537,-32.49097054545545,4,200.0,60.0,False,0.0,False,0.0,False,0.0,1.0,0.0,0.0,1.0,3.0,High environmental sensitivity,False,False,True,False,2.0,2.0,3.0,2.0,1.0,1.0,1.0,1.0,A+++,1.0,0.0,1.0,A+++,1.0,0.0
AGM01082429001,11.630620790108681,-10.29884966077929,-12.263361977526992,3,27.0,89.0,True,1.0,False,0.0,False,0.0,2.0,0.0,0.0,2.0,2.0,Medium environmental sensitivity,False,False,True,False,2.0,2.0,0.0,0.0,2.0,1.0,1.0,1.0,A++,1.0,0.0,1.0,A++,1.0,0.0
AGM01087391001,14.233522156756468,4.566666571911871,-5.882738171418134,1,30.0,130.0,True,0.0,False,0.0,False,0.0,2.0,2.0,2.0,2.0,2.0,High environmental sensitivity,False,True,True,False,2.0,3.0,0.0,1.0,0.0,1.0,1.0,1.0,A++,1.0,0.0,1.0,A++,1.0,1.0
AGM01100294001,-1.2312197208400892,71.30253212218034,66.30841412273324,9,30.0,113.0,True,0.0,True,5.0,False,0.0,0.0,0.0,0.0,2.0,2.0,Medium environmental sensitivity,False,True,True,False,1.0,1.0,1.0,1.0,1.0,1.0,1.0,1.0,A++,1.0,0.0,1.0,A++,1.0,0.0
AGM01118840001,-6.9348808065394385,-0.9952478739660419,-19.000808333582828,4,35.0,150.0,True,1.0,True,20.0,False,0.0,0.0,0.0,0.0,2.0,3.0,High environmental sensitivity,True,True,False,False,2.0,3.0,0.0,2.0,0.0,0.0,1.0,1.0,A++,1.0,0.0,0.0,0,0.0,0.0
AGM01129597001,-4.347838765638001,-7.959240335326605,-19.537106760890868,4,50.0,160.0,True,0.0,False,0.0,False,0.0,0.0,1.0,0.0,2.0,3.0,Medium environmental sensitivity,False,True,False,False,2.0,2.0,1.0,2.0,1.0,1.0,1.0,1.0,A++,1.0,0.0,1.0,A++,0.0,0.0
AGM01141230001,-9.071988551154927,-6.88196796693892,-16.374355625518966,4,33.0,120.0,True,0.0,False,0.0,False,0.0,2.0,0.0,0.0,2.0,2.0,Medium environmental sensitivity,False,False,False,False,2.0,3.0,0.0,0.0,2.0,1.0,1.0,1.0,A++,1.0,1.0,1.0,A,0.0,0.0
AGM01147430001,-7.840508442889475,-13.098921518408696,-21.064024187769977,4,44.0,80.0,True,1.0,False,0.0,False,0.0,0.0,0.0,0.0,1.0,2.0,High environmental sensitivity,False,False,False,False,1.0,1.0,0.0,1.0,0.0,1.0,1.0,1.0,A+++,1.0,1.0,1.0,A+++,0.0,0.0
AGM01147576001,-4.126830506090409,-12.804695703509225,-25.054525865327875,4,39.0,107.0,True,0.0,False,0.0,False,0.0,0.0,0.0,0.0,2.0,3.0,Medium environmental sensitivity,False,False,False,False,2.0,2.0,1.0,1.0,1.0,0.0,1.0,1.0,A,1.0,0.0,0.0,0,0.0,0.0
AGM01173876001,11.075589656501016,16.82773356468898,7.5616771111201935,8,29.0,150.0,True,0.0,False,0.0,False,0.0,0.0,0.0,0.0,2.0,2.0,Medium environmental sensitivity,False,False,False,False,2.0,2.0,0.0,2.0,0.0,1.0,1.0,1.0,A++,1.0,0.0,1.0,A+,1.0,0.0
AGM01191063002,21.435301192621996,-9.082069992127936,-3.350997679741373,3,34.0,100.0,False,0.0,False,0.0,False,0.0,0.0,0.0,2.0,1.0,2.0,High environmental sensitivity,False,False,False,False,1.0,1.0,0.0,0.0,1.0,1.0,1.0,1.0,A++,1.0,1.0,1.0,A++,1.0,1.0
AGM01192285001,-20.298489302308088,-25.614813435623578,-32.55239520344987,4,25.0,90.0,True,0.0,False,0.0,False,0.0,0.0,0.0,0.0,1.0,2.0,Medium environmental sensitivity,False,False,False,False,1.0,2.0,0.0,1.0,0.0,1.0,1.0,1.0,A+,0.0,0.0,1.0,A+,0.0,0.0
AGM01195879002,-4.62335494684308,-2.728254157141996,-3.8698782858486256,4,50.0,95.0,True,2.0,False,0.0,False,0.0,1.0,0.0,0.0,1.0,2.0,High environmental sensitivity,False,True,True,False,2.0,2.0,0.0,0.0,1.0,0.0,1.0,1.0,A++,1.0,1.0,0.0,0,0.0,0.0
AGM01230968001,-33.10032269884864,-43.52424974972982,-45.07688413954797,4,30.0,90.0,True,0.0,False,0.0,False,0.0,0.0,0.0,0.0,2.0,5.0,Medium environmental sensitivity,False,False,False,False,2.0,2.0,0.0,1.0,1.0,1.0,1.0,1.0,A++,1.0,1.0,1.0,A++,1.0,1.0
AGM01249296001,-22.006435546376874,-17.482169678017172,-32.21125102738095,4,25.0,85.0,True,0.0,False,0.0,False,0.0,1.0,0.0,0.0,1.0,3.0,High environmental sensitivity,False,True,True,False,1.0,1.0,0.0,1.0,0.0,1.0,1.0,1.0,A++,1.0,1.0,1.0,A+++,1.0,1.0
AGM01272082001,-21.87910462743139,-12.253147380609663,-10.51781773843588,10,28.0,90.0,True,0.0,False,0.0,False,0.0,1.0,0.0,0.0,2.0,3.0,Medium environmental sensitivity,False,False,False,False,2.0,3.0,0.0,0.0,2.0,1.0,1.0,1.0,A+++,1.0,0.0,1.0,A+++,1.0,0.0
AGM01277279001,-26.611507285503134,-23.64357536211674,-24.162360445926556,4,30.0,120.0,True,0.0,False,0.0,False,0.0,0.0,0.0,0.0,2.0,2.0,High environmental sensitivity,False,True,False,False,2.0,2.0,0.0,2.0,0.0,0.0,1.0,1.0,A++,1.0,1.0,0.0,0,0.0,0.0
AGM01292922001,-12.524326135679095,-31.97549704849128,-14.393201493007501,3,40.0,70.0,True,0.0,False,0.0,False,0.0,2.0,0.0,0.0,1.0,4.0,Medium environmental sensitivity,False,False,False,False,1.0,0.0,0.0,1.0,0.0,0.0,1.0,1.0,A+++,1.0,0.0,0.0,0,0.0,0.0
AGM01352851001,-4.919771537278097,-13.95283069421685,-7.118804578356376,3,80.0,69.0,True,2.0,False,0.0,False,0.0,1.0,1.0,0.0,1.0,2.0,High environmental sensitivity,False,False,True,False,1.0,1.0,0.0,1.0,0.0,1.0,1.0,1.0,A+,1.0,0.0,1.0,A++,0.0,0.0
AGM01493592002,-5.815212432269668,-8.179030532572588,-36.06641690625027,4,70.0,90.0,True,0.0,False,0.0,False,0.0,0.0,0.0,0.0,1.0,2.0,Medium environmental sensitivity,False,False,False,False,1.0,2.0,0.0,1.0,0.0,1.0,1.0,1.0,A+++,1.0,0.0,1.0,A++,1.0,0.0
AGM01505983002,-10.662874416406497,-18.89235167339848,-14.14503316231109,4,40.0,40.0,True,0.0,False,0.0,False,0.0,1.0,0.0,0.0,1.0,1.0,Medium environmental sensitivity,False,False,False,False,1.0,2.0,0.0,1.0,0.0,0.0,1.0,1.0,A+,0.0,0.0,0.0,0,0.0,0.0
AGM01541606001,31.213858266356976,28.63720194399944,51.89848465141536,7,38.0,125.0,True,0.0,False,0.0,False,0.0,1.0,0.0,0.0,2.0,2.0,Medium environmental sensitivity,False,False,False,False,2.0,3.0,0.0,0.0,1.0,0.0,1.0,1.0,A++,1.0,0.0,0.0,0,0.0,0.0
AGM01547785001,-9.971392883257838,-8.857909382615214,-3.7195549634734864,5,24.0,90.0,True,0.0,False,0.0,False,0.0,0.0,0.0,0.0,2.0,3.0,Medium environmental sensitivity,False,False,True,False,2.0,2.0,2.0,2.0,2.0,0.0,1.0,1.0,A+++,1.0,0.0,0.0,0,0.0,0.0
AGM01563268001,-11.515276273207828,-15.552875103458227,-13.651609251099345,4,35.0,90.0,True,0.0,False,0.0,False,0.0,1.0,1.0,0.0,2.0,2.0,Medium environmental sensitivity,False,False,False,False,2.0,2.0,0.0,2.0,0.0,1.0,1.0,1.0,A++,1.0,0.0,1.0,A++,1.0,0.0
AGM01577133001,-4.099251595058971,-15.927561649370556,-3.27654824282602,5,20.0,110.0,True,0.0,False,0.0,False,0.0,1.0,0.0,0.0,2.0,1.0,High environmental sensitivity,False,False,False,False,2.0,4.0,0.0,0.0,2.0,1.0,1.0,1.0,A+++,1.0,0.0,1.0,A+++,1.0,0.0
AGM01583656001,6.709773684027861,-4.719037252399654,3.218874079216373,2,20.0,90.0,True,0.0,False,0.0,False,0.0,0.0,0.0,0.0,2.0,2.0,Medium environmental sensitivity,False,False,True,False,2.0,3.0,2.0,2.0,2.0,0.0,1.0,1.0,A+,1.0,1.0,0.0,0,0.0,0.0
AGM01648487001,-8.949590155009625,-4.672012318061232,-3.790854423899438,10,20.0,90.0,True,0.0,False,0.0,False,0.0,2.0,0.0,0.0,2.0,2.0,Medium environmental sensitivity,False,False,False,False,2.0,2.0,0.0,0.0,2.0,1.0,1.0,1.0,A++,0.0,0.0,1.0,A+,1.0,0.0
AGM01653638001,-33.27355208447098,-20.490361864644164,-41.53091014697906,4,18.0,80.0,False,0.0,False,0.0,False,0.0,1.0,0.0,0.0,2.0,1.0,High environmental sensitivity,False,False,False,False,2.0,3.0,0.0,0.0,2.0,1.0,1.0,1.0,A+++,1.0,1.0,1.0,A++,0.0,0.0
AGM01672482001,-1.834819895695171,-23.065171334486138,-13.122307043059648,3,16.0,90.0,True,0.0,False,0.0,False,0.0,0.0,0.0,0.0,2.0,3.0,High environmental sensitivity,False,True,False,False,2.0,3.0,0.0,2.0,0.0,0.0,1.0,1.0,A+++,1.0,1.0,0.0,0,0.0,0.0
AGM01683220001,-1.0276606843130944,-25.854923661313737,-19.427430684757717,3,18.0,101.0,True,0.0,False,0.0,False,0.0,0.0,0.0,0.0,2.0,2.0,Medium environmental sensitivity,False,False,True,False,2.0,2.0,0.0,1.0,1.0,0.0,1.0,1.0,A,0.0,0.0,0.0,0,0.0,0.0
AGM01684496002,-18.130232649610882,-50.12564005075445,-22.324740925348593,3,6.0,39.0,False,0.0,False,0.0,False,0.0,0.0,0.0,0.0,1.0,1.0,Medium environmental sensitivity,False,False,False,False,1.0,1.0,0.0,1.0,0.0,0.0,1.0,1.0,A,0.0,0.0,0.0,0,0.0,0.0
AGM01702725002,-33.027890951479165,-2.362123934298963,-6.241255473082943,10,10.0,90.0,True,2.0,False,0.0,True,60.0,0.0,0.0,1.0,2.0,2.0,Medium environmental sensitivity,False,True,False,False,2.0,2.0,0.0,1.0,1.0,1.0,1.0,1.0,A+,1.0,1.0,1.0,A+,1.0,1.0
AGM01706533001,-16.379419055435825,-19.058188660307177,-21.21001326757568,4,16.0,100.0,True,0.0,False,0.0,False,0.0,0.0,1.0,0.0,2.0,2.0,Medium environmental sensitivity,False,False,True,False,2.0,2.0,0.0,0.0,2.0,1.0,1.0,1.0,A+++,1.0,1.0,1.0,A++,1.0,1.0
AGM01710469001,11.562578079284034,-10.858517591648372,-7.1066679626335105,3,17.0,70.0,True,0.0,False,0.0,False,0.0,0.0,0.0,0.0,2.0,2.0,Medium environmental sensitivity,False,False,False,False,2.0,3.0,0.0,1.0,0.0,0.0,1.0,1.0,A,1.0,0.0,0.0,0,0.0,0.0
AGM01715911001,1.2247958812733666,-10.249821911477355,-6.4662108450213225,3,16.0,90.0,True,1.0,False,0.0,False,0.0,2.0,0.0,0.0,2.0,2.0,Medium environmental sensitivity,False,False,False,False,2.0,2.0,0.0,1.0,1.0,1.0,1.0,1.0,A++,1.0,1.0,1.0,A,1.0,1.0
AGM01728414001,21.848096844835393,-19.609247323674538,29.217410763375383,6,20.0,11.0,True,0.0,False,0.0,False,0.0,1.0,0.0,0.0,2.0,2.0,Medium environmental sensitivity,False,False,False,False,2.0,3.0,0.0,1.0,1.0,1.0,1.0,1.0,A++,1.0,1.0,1.0,A++,1.0,1.0
AGM01767758001,-3.1943964213449805,-19.19245167536645,-32.6528226144953,3,14.0,80.0,True,0.0,False,0.0,False,0.0,0.0,1.0,1.0,2.0,2.0,High environmental sensitivity,False,True,True,True,2.0,2.0,0.0,1.0,1.0,1.0,1.0,1.0,A,1.0,0.0,1.0,A,1.0,0.0
AGM01768343001,-27.403646193632802,-33.869783637313866,-32.46927876261624,4,15.0,175.0,True,1.0,False,0.0,False,0.0,3.0,0.0,0.0,3.0,2.0,Medium environmental sensitivity,True,True,True,True,3.0,5.0,0.0,0.0,2.0,1.0,1.0,1.0,A+++,1.0,1.0,1.0,A+++,1.0,0.0
AGM01770946001,5.154494046140848,11.287113998412524,8.456063944589706,7,35.0,115.0,True,0.0,False,0.0,False,0.0,0.0,1.0,1.0,2.0,4.0,Medium environmental sensitivity,False,False,False,False,2.0,2.0,1.0,1.0,0.0,1.0,1.0,1.0,A++,1.0,1.0,1.0,A,1.0,0.0
AGM02000081001,38.36648251751621,39.241093628840865,54.37646157096725,7,40.0,55.0,True,2.0,False,0.0,False,0.0,0.0,1.0,0.0,1.0,3.0,Medium environmental sensitivity,False,True,False,False,1.0,2.0,0.0,1.0,1.0,0.0,1.0,1.0,A++,1.0,1.0,0.0,0,0.0,0.0
AGM02006003001,5.584816185555598,-0.7384667784284438,6.692480251926539,2,48.0,50.0,True,0.0,False,0.0,False,0.0,0.0,0.0,0.0,1.0,2.0,High environmental sensitivity,False,True,True,False,1.0,1.0,0.0,0.0,1.0,1.0,1.0,1.0,A++,1.0,1.0,1.0,A+++,1.0,1.0
AGM02007395001,-15.076371404592647,-8.043981147886512,46.32340635992485,6,50.0,87.0,True,0.0,False,0.0,False,0.0,2.0,0.0,1.0,1.0,2.0,Medium environmental sensitivity,False,True,True,False,1.0,2.0,0.0,0.0,1.0,1.0,1.0,1.0,A+++,1.0,1.0,1.0,A+,1.0,1.0
AGM02015748002,11.179017324864212,5.655408782339766,-40.03981155810047,4,16.0,170.0,True,0.0,False,0.0,False,0.0,1.0,0.0,0.0,3.0,2.0,High environmental sensitivity,False,True,False,False,3.0,3.0,1.0,0.0,2.0,1.0,1.0,1.0,A++,1.0,0.0,1.0,A+,0.0,0.0
AGM02018383001,-12.124607302666574,0.8715134329395345,-21.64816207439109,4,13.0,90.0,True,1.0,False,0.0,False,0.0,0.0,0.0,0.0,2.0,2.0,Medium environmental sensitivity,False,False,True,False,2.0,2.0,0.0,0.0,2.0,1.0,1.0,1.0,A++,1.0,0.0,1.0,A++,1.0,0.0
AGM02026161001,7.825311894969459,-5.86033205354706,-18.682717416700182,1,13.0,250.0,True,0.0,False,0.0,False,0.0,0.0,1.0,2.0,4.0,2.0,Low environmental sensitivity,False,True,True,False,4.0,4.0,0.0,1.0,2.0,1.0,1.0,1.0,A+,0.0,0.0,1.0,D,0.0,0.0
AGM02026863002,-13.088764562264618,-9.798818693945975,-3.0112301485036026,5,14.0,140.0,True,0.0,False,0.0,False,0.0,1.0,2.0,0.0,3.0,2.0,High environmental sensitivity,False,True,True,False,3.0,3.0,0.0,1.0,1.0,1.0,1.0,1.0,0,0.0,0.0,1.0,0,1.0,1.0
AGM02027183001,-8.791571201008008,-16.148942110765788,-11.644584318617568,4,85.0,120.0,True,0.0,False,0.0,False,0.0,0.0,0.0,0.0,2.0,2.0,Medium environmental sensitivity,False,False,False,False,2.0,3.0,0.0,1.0,1.0,0.0,1.0,1.0,A++,1.0,0.0,0.0,0,0.0,0.0
AGM02033471001,-0.532898309728716,-12.433982751363105,-2.515448490401911,3,2004.0,109.0,True,0.0,False,0.0,False,0.0,0.0,2.0,0.0,2.0,2.0,Low environmental sensitivity,False,False,True,False,2.0,2.0,0.0,1.0,1.0,1.0,1.0,1.0,A+,1.0,1.0,1.0,A,1.0,1.0
AGM02035737001,5.130131325895292,3.693187434422856,68.68924608299747,6,12.0,75.0,False,0.0,False,0.0,False,0.0,0.0,0.0,0.0,2.0,1.0,High environmental sensitivity,False,True,True,False,2.0,3.0,0.0,0.0,2.0,1.0,1.0,1.0,A+,1.0,0.0,1.0,A+,1.0,0.0
AGM02036258001,0.5745421016203881,8.645269078641762,6.729393268891871,9,15.0,90.0,True,0.0,False,0.0,False,0.0,0.0,1.0,1.0,2.0,2.0,High environmental sensitivity,False,False,False,False,2.0,2.0,0.0,0.0,2.0,1.0,1.0,1.0,A+++,1.0,1.0,1.0,A+++,1.0,0.0
AGM02038368001,-9.812945397026754,-19.40908420910645,-19.066559368382286,4,12.0,75.0,True,0.0,False,0.0,False,0.0,0.0,0.0,1.0,2.0,2.0,High environmental sensitivity,False,True,True,False,2.0,2.0,1.0,1.0,0.0,1.0,1.0,1.0,B,1.0,1.0,1.0,A,1.0,0.0
AGM02041230001,-2.1806609960361456,5.939696230538994,36.76433414474569,6,50.0,90.0,True,1.0,False,0.0,False,0.0,0.0,1.0,2.0,2.0,2.0,Medium environmental sensitivity,False,True,True,False,2.0,4.0,2.0,2.0,2.0,1.0,1.0,1.0,A+++,1.0,1.0,1.0,A++,1.0,1.0
AGM02042112001,0.45788798816104764,-12.218302164759804,-16.15151390539174,3,35.0,110.0,True,0.0,False,0.0,False,0.0,0.0,2.0,0.0,2.0,2.0,Medium environmental sensitivity,False,False,False,False,2.0,2.0,0.0,0.0,2.0,0.0,1.0,1.0,A++,1.0,0.0,0.0,0,0.0,0.0
AGM02046737001,-3.691741850731103,-4.026420051136329,9.518407450707318,6,45.0,95.0,True,2.0,False,0.0,False,0.0,0.0,1.0,1.0,2.0,2.0,Medium environmental sensitivity,False,False,False,False,2.0,3.0,0.0,1.0,1.0,1.0,1.0,1.0,A++,0.0,0.0,1.0,A+++,0.0,0.0
AGM02050693002,-10.730792895858539,-17.680539384436102,-3.6895513978288963,5,11.0,90.0,True,1.0,False,0.0,False,0.0,1.0,1.0,0.0,2.0,2.0,Medium environmental sensitivity,False,False,False,False,2.0,3.0,0.0,1.0,2.0,1.0,1.0,1.0,A++,1.0,1.0,1.0,A++,1.0,0.0
AGM02058237001,22.336768683630673,179.30373437619838,724.7793158034664,6,40.0,70.0,False,1.0,False,0.0,False,0.0,0.0,0.0,0.0,1.0,2.0,High environmental sensitivity,False,True,True,False,1.0,1.0,0.0,1.0,0.0,1.0,1.0,1.0,A+,1.0,0.0,1.0,A+,1.0,0.0
AGM02058819001,-0.7954783679303165,-7.161127291542013,-9.028370905709945,3,12.0,120.0,True,0.0,False,0.0,True,300.0,2.0,0.0,0.0,2.0,4.0,High environmental sensitivity,False,True,True,False,2.0,2.0,0.0,0.0,2.0,1.0,1.0,1.0,A++,1.0,1.0,1.0,A++,1.0,1.0
AGM02063485001,-4.108433090854985,-24.67974764130336,-14.52467752751519,3,11.0,90.0,True,0.0,True,20.0,False,0.0,0.0,0.0,1.0,2.0,2.0,Medium environmental sensitivity,False,False,True,False,2.0,4.0,1.0,1.0,0.0,1.0,1.0,1.0,A+,1.0,0.0,1.0,A+,1.0,1.0
AGM02064223003,-22.447022568552082,34.516300393545244,99.81005187756115,9,35.0,90.0,True,0.0,False,0.0,False,0.0,0.0,1.0,1.0,2.0,2.0,Medium environmental sensitivity,False,True,False,False,2.0,4.0,0.0,1.0,1.0,0.0,1.0,1.0,A+++,1.0,1.0,0.0,0,0.0,0.0
AGM02070537001,10.617870876988476,22.17318396203954,12.56163384585067,8,10.0,150.0,False,0.0,False,0.0,True,60.0,1.0,1.0,0.0,2.0,2.0,Medium environmental sensitivity,False,True,True,False,2.0,2.0,0.0,0.0,2.0,1.0,1.0,1.0,A++,1.0,0.0,1.0,A++,1.0,0.0
AGM02070939001,-7.8535451149303315,10.482300904060986,33.4399836539434,9,80.0,75.0,True,0.0,False,0.0,False,0.0,0.0,0.0,0.0,1.0,1.0,Low environmental sensitivity,False,False,True,False,1.0,1.0,0.0,1.0,0.0,0.0,1.0,1.0,B,0.0,0.0,0.0,0,0.0,0.0
AGM02075114001,9.247985294418386,-2.746967849839822,-12.34822005857738,1,10.0,75.0,True,0.0,False,0.0,False,0.0,0.0,1.0,0.0,2.0,2.0,Medium environmental sensitivity,False,False,False,False,2.0,2.0,1.0,1.0,0.0,1.0,1.0,1.0,A+++,1.0,0.0,1.0,A+++,1.0,0.0
AGM02075988002,-6.263664995979705,21.09323458142284,9.857943714807215,8,10.0,160.0,True,0.0,False,0.0,False,0.0,0.0,0.0,1.0,2.0,2.0,Medium environmental sensitivity,False,False,False,False,2.0,4.0,0.0,1.0,1.0,1.0,1.0,1.0,A+++,1.0,1.0,1.0,A+++,1.0,1.0
AGM02079825001,1.9579880227383994,3.0182386895233804,4.150325704609077,7,43.0,83.0,True,0.0,False,0.0,False,0.0,0.0,0.0,0.0,1.0,1.0,Medium environmental sensitivity,False,False,False,False,1.0,1.0,0.0,1.0,0.0,0.0,1.0,1.0,A+,0.0,1.0,0.0,0,0.0,0.0
AGM02079896001,-19.59923370263226,29.672484414957438,44.21485878216025,9,100.0,65.0,False,0.0,False,0.0,False,0.0,0.0,0.0,0.0,1.0,1.0,High environmental sensitivity,False,False,False,False,1.0,2.0,0.0,1.0,0.0,1.0,1.0,1.0,A+,0.0,0.0,1.0,A+,0.0,0.0
AGM02089583001,-28.02009180378867,-37.20604354132621,-39.10598923910416,4,8.0,138.0,True,3.0,False,0.0,False,0.0,0.0,2.0,0.0,3.0,2.0,Medium environmental sensitivity,False,False,False,False,3.0,3.0,0.0,2.0,1.0,1.0,1.0,1.0,A++,1.0,1.0,1.0,A+++,1.0,1.0
AGM02091404001,-52.881995217490584,-54.42774883949204,-20.36606551374411,5,10.0,70.0,True,0.0,False,0.0,False,0.0,0.0,0.0,0.0,2.0,1.0,Medium environmental sensitivity,False,False,False,False,2.0,3.0,0.0,2.0,0.0,1.0,1.0,1.0,0,1.0,0.0,1.0,0,1.0,0.0
AGM02092434001,-7.142439550453814,16.416913646057356,-2.9237007421319645,8,30.0,100.0,True,0.0,False,0.0,False,0.0,0.0,0.0,2.0,2.0,2.0,High environmental sensitivity,False,False,True,False,2.0,2.0,1.0,1.0,0.0,0.0,1.0,1.0,A+++,0.0,1.0,0.0,0,0.0,0.0
AGM02101709001,-7.255326643569614,-31.5135321636836,-16.740752316511195,3,29.0,90.0,True,0.0,False,0.0,False,0.0,0.0,0.0,1.0,2.0,2.0,Medium environmental sensitivity,False,False,True,False,2.0,2.0,0.0,0.0,2.0,1.0,1.0,1.0,A,1.0,1.0,1.0,A,1.0,1.0
AGM02120870001,-10.755070425381026,-21.77772267711596,-17.218920092854983,4,15.0,60.0,False,1.0,False,0.0,False,0.0,0.0,0.0,0.0,2.0,2.0,Medium environmental sensitivity,False,False,False,False,2.0,2.0,1.0,1.0,0.0,0.0,1.0,1.0,A+++,1.0,1.0,0.0,0,0.0,0.0
AGM02135770001,-5.017006427695138,-28.869921514054425,-35.72663332737923,3,50.0,140.0,True,0.0,False,0.0,False,0.0,2.0,1.0,0.0,2.0,2.0,Low environmental sensitivity,False,False,False,False,2.0,1.0,0.0,0.0,2.0,1.0,1.0,1.0,0,1.0,0.0,1.0,0,1.0,0.0
AGM02140298001,-16.69469476301203,-18.630494480370814,-25.329469777116127,4,15.0,85.0,True,2.0,False,0.0,False,0.0,0.0,0.0,0.0,2.0,2.0,Medium environmental sensitivity,False,False,False,False,2.0,3.0,0.0,0.0,2.0,1.0,1.0,1.0,A++,1.0,1.0,1.0,A++,1.0,1.0
AGM02150997002,11.92890962809902,-4.3838052466554585,9.54045408367794,2,5.0,70.0,True,2.0,False,0.0,False,0.0,0.0,0.0,0.0,2.0,2.0,High environmental sensitivity,False,False,False,False,2.0,2.0,0.0,1.0,1.0,1.0,1.0,1.0,A,1.0,0.0,1.0,A,1.0,0.0
AGM02161874001,-1.2757580734183227,-25.750112872381532,-20.5341321914228,3,50.0,100.0,True,0.0,False,0.0,False,0.0,0.0,0.0,0.0,2.0,2.0,Low environmental sensitivity,False,True,True,False,0.0,0.0,0.0,0.0,0.0,1.0,1.0,1.0,A++,0.0,1.0,1.0,A++,1.0,0.0
AGM02173184002,-0.7572857321897976,-5.317904867688259,-8.585978511018864,3,10.0,150.0,False,0.0,False,0.0,False,0.0,0.0,2.0,1.0,3.0,2.0,Medium environmental sensitivity,False,False,False,False,3.0,4.0,0.0,1.0,1.0,1.0,1.0,1.0,A+++,1.0,0.0,1.0,A+++,1.0,0.0
AGM02176445001,-19.659111692973966,-17.61559206714224,-10.517364790145978,5,10.0,47.0,False,1.0,False,0.0,False,0.0,0.0,0.0,0.0,1.0,1.0,Medium environmental sensitivity,False,False,True,False,1.0,2.0,0.0,0.0,1.0,0.0,1.0,1.0,A+,1.0,1.0,0.0,0,0.0,0.0
AGM02182165001,0.04322530237122443,1.0855785149422525,10.62853614113893,6,35.0,115.0,True,0.0,False,0.0,False,0.0,0.0,0.0,0.0,2.0,4.0,Medium environmental sensitivity,False,True,True,False,2.0,2.0,0.0,1.0,0.0,0.0,1.0,1.0,A++,1.0,0.0,0.0,0,0.0,0.0
AGM02186866001,-7.780016539963201,-17.82772447541722,-8.302775851359232,3,11.0,92.0,True,0.0,False,0.0,False,0.0,0.0,0.0,1.0,2.0,2.0,High environmental sensitivity,False,True,False,False,2.0,3.0,0.0,1.0,1.0,1.0,1.0,1.0,A++,1.0,0.0,1.0,A+++,1.0,0.0
AGM02188048001,-15.141818871538156,-0.975695918646229,-15.628869640636852,10,10.0,75.0,False,0.0,False,0.0,False,0.0,0.0,0.0,0.0,1.0,2.0,Medium environmental sensitivity,False,True,False,False,1.0,2.0,0.0,0.0,1.0,0.0,1.0,1.0,A++,1.0,1.0,0.0,0,0.0,0.0
AGM02198867001,11.52774011499983,6.3870523461994235,3.754180327725714,2,5.0,60.0,True,0.0,False,0.0,False,0.0,0.0,0.0,0.0,1.0,1.0,Medium environmental sensitivity,False,False,False,False,1.0,1.0,0.0,0.0,1.0,0.0,1.0,1.0,A+++,1.0,0.0,0.0,0,0.0,0.0
AGM02199538001,-25.231772761050024,0.6535925572395235,-16.984692994824588,10,40.0,137.0,True,0.0,False,0.0,False,0.0,0.0,0.0,0.0,2.0,3.0,Medium environmental sensitivity,False,False,False,False,2.0,2.0,0.0,1.0,1.0,1.0,1.0,1.0,A++,0.0,1.0,1.0,A++,1.0,1.0
AGM02224732001,14.701584582186108,-7.2647713205706745,-8.888501567358508,3,20.0,70.0,True,0.0,False,0.0,False,0.0,0.0,2.0,2.0,2.0,2.0,Medium environmental sensitivity,False,False,False,False,2.0,2.0,0.0,1.0,1.0,1.0,1.0,1.0,B,0.0,0.0,1.0,B,1.0,0.0
AGM02236869001,-8.550183869749212,-13.393481804510825,-13.543204306760456,4,29.0,76.0,True,0.0,False,0.0,False,0.0,2.0,0.0,0.0,2.0,2.0,Medium environmental sensitivity,False,False,True,False,2.0,3.0,0.0,1.0,1.0,0.0,1.0,1.0,A+++,1.0,1.0,0.0,0,0.0,0.0
AGM02239231001,3.735896722651208,-10.2201961997221,-12.498905148699265,3,11.0,110.0,True,2.0,False,0.0,False,0.0,0.0,0.0,2.0,2.0,2.0,High environmental sensitivity,False,False,False,False,2.0,2.0,1.0,1.0,0.0,1.0,1.0,1.0,A++,0.0,0.0,1.0,A++,0.0,0.0
AGM02246510002,-29.2836624363642,-0.8007477575830934,9.948668029769395,9,20.0,100.0,False,1.0,False,0.0,False,0.0,0.0,0.0,0.0,2.0,2.0,High environmental sensitivity,False,True,False,False,2.0,2.0,0.0,0.0,2.0,1.0,1.0,1.0,A+,1.0,1.0,1.0,A+,1.0,1.0
AGM02247829001,-19.818491492458204,-33.85299590744918,-11.778928268845702,5,2009.0,160.0,True,2.0,False,0.0,False,0.0,0.0,0.0,1.0,3.0,2.0,High environmental sensitivity,False,True,True,True,3.0,3.0,0.0,1.0,0.0,2.0,2.0,1.0,A+++,1.0,0.0,1.0,A+++,1.0,0.0
AGM02251331001,-36.73955535885416,-39.65479776035862,-37.88549296514914,4,2005.0,87.0,False,0.0,False,0.0,False,0.0,0.0,0.0,3.0,2.0,2.0,Medium environmental sensitivity,False,False,False,False,2.0,3.0,0.0,2.0,2.0,1.0,1.0,1.0,A++,1.0,1.0,1.0,A++,1.0,1.0
AGM02280096001,-1.4071723968852594,19.70592833191968,6.000584321589372,8,65.0,90.0,False,1.0,False,0.0,False,0.0,0.0,0.0,3.0,2.0,2.0,Medium environmental sensitivity,False,False,True,False,2.0,3.0,0.0,1.0,1.0,1.0,1.0,1.0,B,0.0,0.0,1.0,A+,1.0,0.0
AGM02282841001,17.63173563560579,7.910272906984346,-17.95766469778048,1,50.0,110.0,False,0.0,False,0.0,False,0.0,0.0,0.0,0.0,2.0,1.0,Medium environmental sensitivity,False,False,False,False,2.0,2.0,0.0,1.0,0.0,1.0,1.0,1.0,A++,1.0,1.0,1.0,A+++,1.0,1.0
AGM02288493001,12.19627678889736,24.514415551104683,-0.9421159241496415,8,60.0,80.0,True,0.0,False,0.0,False,0.0,0.0,0.0,1.0,1.0,2.0,Medium environmental sensitivity,False,False,False,False,1.0,1.0,0.0,1.0,0.0,1.0,1.0,1.0,A++,1.0,0.0,1.0,A+,0.0,0.0
AGM02289684001,-3.5483924450617916,-72.8126229751306,-60.78746476922306,3,7.0,85.0,True,0.0,False,0.0,False,0.0,0.0,0.0,0.0,2.0,1.0,Medium environmental sensitivity,False,False,True,False,2.0,3.0,0.0,1.0,1.0,1.0,1.0,1.0,A+++,1.0,1.0,1.0,A+++,1.0,1.0
AGM02292302001,8.07999913020349,-37.64634009850601,-41.757505417881625,3,25.0,85.0,False,0.0,False,0.0,False,0.0,0.0,0.0,0.0,1.0,2.0,Medium environmental sensitivity,False,False,False,False,2.0,2.0,0.0,1.0,0.0,1.0,1.0,1.0,A+,1.0,0.0,1.0,A+,1.0,0.0
AGM02308865001,-0.8659783566322674,4.616916744578081,6.977273774975844,9,1996.0,100.0,False,0.0,False,0.0,False,0.0,0.0,0.0,0.0,2.0,2.0,High environmental sensitivity,False,True,False,False,2.0,2.0,0.0,0.0,2.0,1.0,1.0,1.0,0,0.0,0.0,1.0,0,0.0,0.0
AGM02326645001,-31.00459979829207,-91.32843004396935,-89.12438325322904,3,37.0,112.0,True,0.0,False,0.0,False,0.0,0.0,0.0,0.0,2.0,1.0,Medium environmental sensitivity,False,False,False,False,2.0,3.0,0.0,1.0,1.0,0.0,1.0,1.0,A+++,1.0,1.0,0.0,0,0.0,0.0
AGM02333618001,38.77568744626167,73.00167273519259,40.011275823255026,8,16.0,90.0,True,1.0,False,0.0,False,0.0,0.0,0.0,0.0,2.0,2.0,High environmental sensitivity,False,True,True,False,2.0,2.0,0.0,0.0,2.0,0.0,1.0,1.0,A+++,1.0,1.0,0.0,0,0.0,0.0
AGM02335711001,23.732871161207335,3.3568202513172953,-23.70572632758247,1,50.0,160.0,True,1.0,False,0.0,False,0.0,1.0,0.0,0.0,2.0,3.0,High environmental sensitivity,False,True,True,True,2.0,1.0,0.0,1.0,1.0,0.0,1.0,1.0,A++,1.0,1.0,0.0,0,0.0,0.0
AGM02337981001,7.511280611696086,0.6533803939650225,-2.1403356637721433,1,50.0,70.0,True,0.0,False,0.0,False,0.0,0.0,0.0,0.0,1.0,1.0,Medium environmental sensitivity,False,False,True,False,1.0,1.0,0.0,1.0,0.0,0.0,1.0,1.0,A+,1.0,0.0,0.0,0,0.0,0.0
AGM02338258001,21.1819600153115,23.487766243969062,17.0524069210826,7,40.0,110.0,True,0.0,False,0.0,False,0.0,1.0,1.0,0.0,2.0,4.0,High environmental sensitivity,False,True,True,False,2.0,2.0,0.0,1.0,1.0,0.0,1.0,1.0,A+,0.0,0.0,0.0,0,0.0,0.0
AGM02345170001,3.8598681157794976,14.460301988779126,79.37317285149238,6,50.0,93.0,True,0.0,False,0.0,False,0.0,0.0,0.0,1.0,2.0,2.0,Medium environmental sensitivity,False,False,False,False,2.0,2.0,0.0,1.0,0.0,1.0,1.0,1.0,A++,1.0,1.0,1.0,A++,1.0,0.0
